model,layer,relation,pairs,lift
rat,1,qq_dist_-2,30776,0.983699447282889
rat,1,qq_dist_-1,4882,1.8722268118445229
rat,1,qq_dist_0,5282,1.4412334089229832
rat,1,qq_dist_1,4882,1.292018595121319
rat,1,qq_dist_2,30776,0.8122007808719232
rat,1,qc_default,94477,0.9384825443352623
rat,1,qc_em,911,1.9763617017567077
rat,1,qc_pm,2071,3.573855936728267
rat,1,qc_vem,658,0.5250966802719234
rat,1,qc_vpm,100,0.8473387596011162
rat,1,qc_num,745,0.4486258354363025
rat,1,cq_default,94477,0.5951125251479272
rat,1,cq_em,911,11.125458914545312
rat,1,cq_pm,2071,4.321539096503673
rat,1,cq_vem,658,7.374822439781552
rat,1,cq_vpm,100,5.665349693596363
rat,1,cq_num,745,1.6250060748833939
rat,1,qt_default,21088,0.8915690280253754
rat,1,qt_em,578,2.3173173925062724
rat,1,qt_pm,490,1.2504209209984283
rat,1,tq_default,21088,0.8081059232261034
rat,1,tq_em,578,8.385181301811574
rat,1,tq_pm,490,3.4181158145927655
rat,1,cc_identity,7353,0.8708684140298043
rat,1,cc_default,104452,0.49856688155692025
rat,1,cc_same_table,27438,1.8552908522257066
rat,1,cc_fk_forward,1243,1.3469309239983198
rat,1,cc_fk_backward,1243,5.614095519901473
rat,1,ct_default,22030,2.0630161363630855
rat,1,ct_primary_key,1601,4.047236438265895
rat,1,ct_belongs_to,5352,1.8235660758651153
rat,1,ct_foreign_key,1243,7.010385462740018
rat,1,ct_any_table,1643,1.3275839867522659
rat,1,tc_default,22030,0.4054786123500499
rat,1,tc_primary_key,1601,0.22254975633125643
rat,1,tc_belongs_to,5352,0.9709775184045556
rat,1,tc_foreign_key,1243,0.4900600809052479
rat,1,tc_any_table,1643,0.6660821644716278
rat,1,tt_identity,1643,1.2469884638226185
rat,1,tt_default,3284,4.448754582745812
rat,1,tt_fk_forward,1163,1.3759317840121186
rat,1,tt_fk_backward,1163,2.809324683850152
rat,2,qq_dist_-2,30776,0.6280559522177656
rat,2,qq_dist_-1,4882,0.6662993771743239
rat,2,qq_dist_0,5282,0.5119937740999638
rat,2,qq_dist_1,4882,0.8362573738682552
rat,2,qq_dist_2,30776,0.9580677320812195
rat,2,qc_default,94477,0.6708318007967412
rat,2,qc_em,911,9.541324391674852
rat,2,qc_pm,2071,2.41181378175084
rat,2,qc_vem,658,5.361993600845077
rat,2,qc_vpm,100,1.2874998129718005
rat,2,qc_num,745,1.2560071824287258
rat,2,cq_default,94477,0.5200919532633049
rat,2,cq_em,911,1.0445954592506146
rat,2,cq_pm,2071,0.31339250300459576
rat,2,cq_vem,658,5.319333202015937
rat,2,cq_vpm,100,1.0834129822254182
rat,2,cq_num,745,3.772415717936202
rat,2,qt_default,21088,2.3837865667652385
rat,2,qt_em,578,9.824127880721047
rat,2,qt_pm,490,2.5635329609413686
rat,2,tq_default,21088,0.45752224656791846
rat,2,tq_em,578,0.39315541020907124
rat,2,tq_pm,490,0.43227250186811983
rat,2,cc_identity,7353,1.4613350868870045
rat,2,cc_default,104452,0.7236158609503641
rat,2,cc_same_table,27438,1.3626501973193195
rat,2,cc_fk_forward,1243,2.962255355066598
rat,2,cc_fk_backward,1243,3.530971925477711
rat,2,ct_default,22030,1.7507816535651102
rat,2,ct_primary_key,1601,6.546899292315546
rat,2,ct_belongs_to,5352,4.890440463886459
rat,2,ct_foreign_key,1243,2.2750208134712744
rat,2,ct_any_table,1643,3.385943802832135
rat,2,tc_default,22030,0.9516749813040302
rat,2,tc_primary_key,1601,1.3181379948932326
rat,2,tc_belongs_to,5352,1.5452393478530693
rat,2,tc_foreign_key,1243,2.0021541978587334
rat,2,tc_any_table,1643,0.565897442941932
rat,2,tt_identity,1643,1.108481686892592
rat,2,tt_default,3284,2.2232046323798462
rat,2,tt_fk_forward,1163,3.2381046510763536
rat,2,tt_fk_backward,1163,3.042348680856897
rat,3,qq_dist_-2,30776,1.0006938841774962
rat,3,qq_dist_-1,4882,1.8687143369113022
rat,3,qq_dist_0,5282,1.5739395339625348
rat,3,qq_dist_1,4882,1.1692177372462507
rat,3,qq_dist_2,30776,1.3512065597299936
rat,3,qc_default,94477,0.4337660318545394
rat,3,qc_em,911,5.779182266343781
rat,3,qc_pm,2071,2.665024695343406
rat,3,qc_vem,658,8.507447832138745
rat,3,qc_vpm,100,2.759741753041744
rat,3,qc_num,745,1.3561842947598273
rat,3,cq_default,94477,0.9731984734222255
rat,3,cq_em,911,6.405407081032529
rat,3,cq_pm,2071,2.138282645284412
rat,3,cq_vem,658,2.9181986047976896
rat,3,cq_vpm,100,2.4144839898869397
rat,3,cq_num,745,1.62248870382623
rat,3,qt_default,21088,1.8104581161561288
rat,3,qt_em,578,7.187381312054514
rat,3,qt_pm,490,2.462622921404961
rat,3,tq_default,21088,0.18524846321846988
rat,3,tq_em,578,3.9751395222547248
rat,3,tq_pm,490,2.8582957104684747
rat,3,cc_identity,7353,0.4181532823044302
rat,3,cc_default,104452,0.67160554919367
rat,3,cc_same_table,27438,2.2641346883714935
rat,3,cc_fk_forward,1243,0.24930561233680854
rat,3,cc_fk_backward,1243,1.0027114926987797
rat,3,ct_default,22030,0.8807264841319008
rat,3,ct_primary_key,1601,0.2572605240070348
rat,3,ct_belongs_to,5352,1.4513245547181042
rat,3,ct_foreign_key,1243,0.5580568125721231
rat,3,ct_any_table,1643,1.0960441847488838
rat,3,tc_default,22030,1.0449815768643533
rat,3,tc_primary_key,1601,0.9406015310688951
rat,3,tc_belongs_to,5352,1.9474284450183532
rat,3,tc_foreign_key,1243,3.0151626822263884
rat,3,tc_any_table,1643,0.40710802293312864
rat,3,tt_identity,1643,0.6054526645706783
rat,3,tt_default,3284,2.5330758320277234
rat,3,tt_fk_forward,1163,2.5077160189462977
rat,3,tt_fk_backward,1163,1.7860890458085112
rat,4,qq_dist_-2,30776,1.5251720836417177
rat,4,qq_dist_-1,4882,1.4364357427396726
rat,4,qq_dist_0,5282,1.8749801378008804
rat,4,qq_dist_1,4882,3.415299284579316
rat,4,qq_dist_2,30776,1.4517309188423109
rat,4,qc_default,94477,0.28652563970108785
rat,4,qc_em,911,3.296789023947506
rat,4,qc_pm,2071,1.7862428888109234
rat,4,qc_vem,658,0.897124343005888
rat,4,qc_vpm,100,0.7857255564723163
rat,4,qc_num,745,0.6077558112342747
rat,4,cq_default,94477,0.8658982296993504
rat,4,cq_em,911,4.175277759347614
rat,4,cq_pm,2071,1.7982400036389965
rat,4,cq_vem,658,6.454465509109244
rat,4,cq_vpm,100,5.478081925138831
rat,4,cq_num,745,3.3857614231377138
rat,4,qt_default,21088,1.6258210359786858
rat,4,qt_em,578,4.030004005118637
rat,4,qt_pm,490,2.0406864991373554
rat,4,tq_default,21088,0.485390715256799
rat,4,tq_em,578,2.0457521154278178
rat,4,tq_pm,490,1.7715984330056425
rat,4,cc_identity,7353,1.3273148861694455
rat,4,cc_default,104452,0.6503324106236438
rat,4,cc_same_table,27438,0.8118489625442603
rat,4,cc_fk_forward,1243,5.751652348352025
rat,4,cc_fk_backward,1243,10.17691837216421
rat,4,ct_default,22030,1.049509547281332
rat,4,ct_primary_key,1601,2.8463556822046154
rat,4,ct_belongs_to,5352,2.7893552949436473
rat,4,ct_foreign_key,1243,5.919754350067911
rat,4,ct_any_table,1643,3.761335072544649
rat,4,tc_default,22030,0.9895811544856803
rat,4,tc_primary_key,1601,1.1139624030105328
rat,4,tc_belongs_to,5352,1.6958669327226954
rat,4,tc_foreign_key,1243,1.5835394131548686
rat,4,tc_any_table,1643,0.6079836168209668
rat,4,tt_identity,1643,1.2207221135005923
rat,4,tt_default,3284,1.8067506275647878
rat,4,tt_fk_forward,1163,2.3068761268692883
rat,4,tt_fk_backward,1163,2.3578480015048773
vanilla,1,qq_dist_-2,30776,1.2344253950200113
vanilla,1,qq_dist_-1,4882,1.761030014531594
vanilla,1,qq_dist_0,5282,2.591675238246486
vanilla,1,qq_dist_1,4882,2.4401611898620947
vanilla,1,qq_dist_2,30776,1.8146321187381549
vanilla,1,qc_default,94477,0.5636992504388216
vanilla,1,qc_em,911,2.8675535538552777
vanilla,1,qc_pm,2071,1.5588219019336904
vanilla,1,qc_vem,658,0.7635367938078866
vanilla,1,qc_vpm,100,1.7083481031656265
vanilla,1,qc_num,745,0.42731952571932025
vanilla,1,cq_default,94477,1.4783709945421784
vanilla,1,cq_em,911,1.361341224038722
vanilla,1,cq_pm,2071,0.9879426089900611
vanilla,1,cq_vem,658,3.5703960027515214
vanilla,1,cq_vpm,100,1.8852747856033967
vanilla,1,cq_num,745,2.2497288066395535
vanilla,1,qt_default,21088,0.4002610098911426
vanilla,1,qt_em,578,1.1117460910153534
vanilla,1,qt_pm,490,1.0338734347698735
vanilla,1,tq_default,21088,1.5369910552952057
vanilla,1,tq_em,578,1.1295595668823455
vanilla,1,tq_pm,490,0.9391569841092414
vanilla,1,cc_identity,7353,0.9590718697450379
vanilla,1,cc_default,104452,0.7180476122950152
vanilla,1,cc_same_table,27438,0.7071417840703181
vanilla,1,cc_fk_forward,1243,0.9979367929095686
vanilla,1,cc_fk_backward,1243,1.0745438603738253
vanilla,1,ct_default,22030,0.6906173495811391
vanilla,1,ct_primary_key,1601,0.43913770792220513
vanilla,1,ct_belongs_to,5352,0.7893509965906179
vanilla,1,ct_foreign_key,1243,0.4736048308619218
vanilla,1,ct_any_table,1643,0.3803805079247646
vanilla,1,tc_default,22030,0.7236899661142355
vanilla,1,tc_primary_key,1601,0.587803597300535
vanilla,1,tc_belongs_to,5352,0.68313714064484
vanilla,1,tc_foreign_key,1243,0.8305465823712523
vanilla,1,tc_any_table,1643,0.11038065302996193
vanilla,1,tt_identity,1643,0.9425341041313118
vanilla,1,tt_default,3284,0.7966784002960844
vanilla,1,tt_fk_forward,1163,0.6169067371912103
vanilla,1,tt_fk_backward,1163,0.9601754104253706
vanilla,2,qq_dist_-2,30776,1.0443744878418464
vanilla,2,qq_dist_-1,4882,1.1652293150551811
vanilla,2,qq_dist_0,5282,0.759493722630727
vanilla,2,qq_dist_1,4882,0.9867934413064782
vanilla,2,qq_dist_2,30776,0.9325798378655737
vanilla,2,qc_default,94477,0.966115003958509
vanilla,2,qc_em,911,2.3324521369634055
vanilla,2,qc_pm,2071,1.7124872394090491
vanilla,2,qc_vem,658,1.3650384053522806
vanilla,2,qc_vpm,100,1.5969826722005382
vanilla,2,qc_num,745,0.9326438624836855
vanilla,2,cq_default,94477,0.7795483657868083
vanilla,2,cq_em,911,0.756875801334131
vanilla,2,cq_pm,2071,0.5163133758848636
vanilla,2,cq_vem,658,0.6146713343012291
vanilla,2,cq_vpm,100,0.21869720836170017
vanilla,2,cq_num,745,0.5823036841295375
vanilla,2,qt_default,21088,1.017825172749358
vanilla,2,qt_em,578,2.665102883045494
vanilla,2,qt_pm,490,1.3292254860645958
vanilla,2,tq_default,21088,0.8802480707125001
vanilla,2,tq_em,578,0.22782385974371594
vanilla,2,tq_pm,490,0.20547710536095332
vanilla,2,cc_identity,7353,1.0110139392033923
vanilla,2,cc_default,104452,1.1327192667874408
vanilla,2,cc_same_table,27438,0.9403759517436288
vanilla,2,cc_fk_forward,1243,1.5659967211788042
vanilla,2,cc_fk_backward,1243,0.9479685357724236
vanilla,2,ct_default,22030,1.2555993917912802
vanilla,2,ct_primary_key,1601,1.1045127269226724
vanilla,2,ct_belongs_to,5352,1.6253917308677643
vanilla,2,ct_foreign_key,1243,1.134166582150453
vanilla,2,ct_any_table,1643,1.2647309782475513
vanilla,2,tc_default,22030,0.964920825142181
vanilla,2,tc_primary_key,1601,1.4176531929095484
vanilla,2,tc_belongs_to,5352,0.7525819452834557
vanilla,2,tc_foreign_key,1243,0.926164161392086
vanilla,2,tc_any_table,1643,2.649758489504958
vanilla,2,tt_identity,1643,1.374456480618343
vanilla,2,tt_default,3284,1.2929683076765817
vanilla,2,tt_fk_forward,1163,1.095318629587572
vanilla,2,tt_fk_backward,1163,1.4147075170473702
vanilla,3,qq_dist_-2,30776,0.8830518400146198
vanilla,3,qq_dist_-1,4882,1.187758302501472
vanilla,3,qq_dist_0,5282,1.17110232922454
vanilla,3,qq_dist_1,4882,1.2839347351942485
vanilla,3,qq_dist_2,30776,1.4544875285908703
vanilla,3,qc_default,94477,0.795530824582124
vanilla,3,qc_em,911,0.6435308476486249
vanilla,3,qc_pm,2071,0.6546117474213926
vanilla,3,qc_vem,658,0.5526424800611942
vanilla,3,qc_vpm,100,0.20161861011525617
vanilla,3,qc_num,745,0.6403476581783752
vanilla,3,cq_default,94477,1.0696894693374948
vanilla,3,cq_em,911,0.45340477569346704
vanilla,3,cq_pm,2071,0.6827366078823734
vanilla,3,cq_vem,658,8.408169177924156
vanilla,3,cq_vpm,100,1.6449112375930417
vanilla,3,cq_num,745,7.6223873436150935
vanilla,3,qt_default,21088,1.3325612844572994
vanilla,3,qt_em,578,1.7203085607491355
vanilla,3,qt_pm,490,0.9505038276238709
vanilla,3,tq_default,21088,1.1452141529342412
vanilla,3,tq_em,578,0.6087177039682382
vanilla,3,tq_pm,490,0.5719846426887076
vanilla,3,cc_identity,7353,0.7320373198710936
vanilla,3,cc_default,104452,0.7333203500543931
vanilla,3,cc_same_table,27438,0.6880918023481627
vanilla,3,cc_fk_forward,1243,0.7877640901365687
vanilla,3,cc_fk_backward,1243,0.9127959884599762
vanilla,3,ct_default,22030,1.710948544392509
vanilla,3,ct_primary_key,1601,2.0358668671435747
vanilla,3,ct_belongs_to,5352,1.8147174957597605
vanilla,3,ct_foreign_key,1243,1.7908231855219505
vanilla,3,ct_any_table,1643,1.4808987091526127
vanilla,3,tc_default,22030,0.7177733947782495
vanilla,3,tc_primary_key,1601,0.8421162262833506
vanilla,3,tc_belongs_to,5352,0.815237358883621
vanilla,3,tc_foreign_key,1243,0.8756043062420233
vanilla,3,tc_any_table,1643,0.5574711827766456
vanilla,3,tt_identity,1643,1.443899675433672
vanilla,3,tt_default,3284,1.9139738371788584
vanilla,3,tt_fk_forward,1163,1.8469627283013852
vanilla,3,tt_fk_backward,1163,1.8585985755181118
vanilla,4,qq_dist_-2,30776,0.9937852143977193
vanilla,4,qq_dist_-1,4882,0.9937014240984272
vanilla,4,qq_dist_0,5282,1.0376604081489271
vanilla,4,qq_dist_1,4882,1.3766957146631338
vanilla,4,qq_dist_2,30776,1.1660540666415904
vanilla,4,qc_default,94477,0.8338508958062687
vanilla,4,qc_em,911,2.5102688951298195
vanilla,4,qc_pm,2071,1.4754914654614895
vanilla,4,qc_vem,658,2.1220329731736776
vanilla,4,qc_vpm,100,2.4868101934343576
vanilla,4,qc_num,745,1.1229803458206205
vanilla,4,cq_default,94477,1.1346034539266414
vanilla,4,cq_em,911,0.9832381830112671
vanilla,4,cq_pm,2071,0.8274347571475835
vanilla,4,cq_vem,658,0.8769440414364723
vanilla,4,cq_vpm,100,1.4851946000545286
vanilla,4,cq_num,745,0.9945816234597974
vanilla,4,qt_default,21088,1.2510766798575985
vanilla,4,qt_em,578,1.2744276819421965
vanilla,4,qt_pm,490,0.9557817945789013
vanilla,4,tq_default,21088,1.0782973441131711
vanilla,4,tq_em,578,0.7518719364004773
vanilla,4,tq_pm,490,0.7139978641069171
vanilla,4,cc_identity,7353,1.0504379748275516
vanilla,4,cc_default,104452,0.7408925420847944
vanilla,4,cc_same_table,27438,0.9008255794128535
vanilla,4,cc_fk_forward,1243,0.7334297090459372
vanilla,4,cc_fk_backward,1243,0.7383414843561834
vanilla,4,ct_default,22030,1.4570841695116485
vanilla,4,ct_primary_key,1601,1.8528445416478716
vanilla,4,ct_belongs_to,5352,1.7656557226538507
vanilla,4,ct_foreign_key,1243,2.051675028444842
vanilla,4,ct_any_table,1643,1.562007447038916
vanilla,4,tc_default,22030,0.7833353244259479
vanilla,4,tc_primary_key,1601,0.9612290374027201
vanilla,4,tc_belongs_to,5352,0.8967026270398214
vanilla,4,tc_foreign_key,1243,0.9644096629066229
vanilla,4,tc_any_table,1643,0.7618005591312456
vanilla,4,tt_identity,1643,2.0282207167663735
vanilla,4,tt_default,3284,1.295138318470938
vanilla,4,tt_fk_forward,1163,1.6484320010559077
vanilla,4,tt_fk_backward,1163,1.8971113629009726
