model,clause,n,accuracy
full,SELECT,1034,0.8500967117988395
full,WHERE,478,0.7531380753138075
full,JOIN,378,0.7380952380952381
full,GROUP BY,271,0.7970479704797048
full,HAVING,75,0.7866666666666666
full,ORDER BY,231,0.7748917748917749
full,NESTED,159,0.44654088050314467
full,AGGREGATION,551,0.7168784029038112
vanilla,SELECT,1034,0.7350096711798839
vanilla,WHERE,478,0.5376569037656904
vanilla,JOIN,378,0.2962962962962963
vanilla,GROUP BY,271,0.6273062730627307
vanilla,HAVING,75,0.7733333333333333
vanilla,ORDER BY,231,0.7359307359307359
vanilla,NESTED,159,0.23270440251572327
vanilla,AGGREGATION,551,0.6460980036297641
no_linking,SELECT,1034,0.8017408123791102
no_linking,WHERE,478,0.5606694560669456
no_linking,JOIN,378,0.5529100529100529
no_linking,GROUP BY,271,0.7896678966789668
no_linking,HAVING,75,0.7733333333333333
no_linking,ORDER BY,231,0.7575757575757576
no_linking,NESTED,159,0.34591194968553457
no_linking,AGGREGATION,551,0.6715063520871143
simple,SELECT,1034,0.5203094777562862
simple,WHERE,478,0.2594142259414226
simple,JOIN,378,0.10846560846560846
simple,GROUP BY,271,0.4944649446494465
simple,HAVING,75,0.72
simple,ORDER BY,231,0.5151515151515151
simple,NESTED,159,0.0880503144654088
simple,AGGREGATION,551,0.4047186932849365
no_grammar,SELECT,1034,0.2524177949709865
no_grammar,WHERE,478,0.2615062761506276
no_grammar,JOIN,378,0.13756613756613756
no_grammar,GROUP BY,271,0.12177121771217712
no_grammar,HAVING,75,0.02666666666666667
no_grammar,ORDER BY,231,0.12987012987012986
no_grammar,NESTED,159,0.08176100628930817
no_grammar,AGGREGATION,551,0.20689655172413793
