experiment,component,acc,rec,f1
full,select,0.8501,0.8501,0.8501
full,select(no AGG),0.8772,0.8772,0.8772
full,where,0.7537,0.7552,0.7544
full,where(no OP),0.8163,0.818,0.8171
full,group(no Having),0.7949,0.8007,0.7978
full,group,0.7546,0.7601,0.7574
full,order,0.765,0.7749,0.7699
full,and/or,0.9728,0.9901,0.9814
full,IUEN,0.3875,0.4079,0.3974
full,keywords,0.8615,0.8525,0.857
baseline_a_simple,select,0.5203,0.5203,0.5203
baseline_a_simple,select(no AGG),0.5348,0.5348,0.5348
baseline_a_simple,where,0.2525,0.2594,0.2559
baseline_a_simple,where(no OP),0.3198,0.3285,0.324
baseline_a_simple,group(no Having),0.4945,0.5018,0.4982
baseline_a_simple,group,0.4691,0.476,0.4725
baseline_a_simple,order,0.5312,0.5152,0.5231
baseline_a_simple,and/or,0.9511,0.9656,0.9583
baseline_a_simple,IUEN,0.0,0.0,0.0
baseline_a_simple,keywords,0.7698,0.7742,0.772
baseline_b_vanilla_transformer,select,0.735,0.735,0.735
baseline_b_vanilla_transformer,select(no AGG),0.7515,0.7515,0.7515
baseline_b_vanilla_transformer,where,0.5377,0.5377,0.5377
baseline_b_vanilla_transformer,where(no OP),0.59,0.59,0.59
baseline_b_vanilla_transformer,group(no Having),0.6923,0.6974,0.6949
baseline_b_vanilla_transformer,group,0.5897,0.5941,0.5919
baseline_b_vanilla_transformer,order,0.7113,0.7359,0.7234
baseline_b_vanilla_transformer,and/or,0.9617,0.981,0.9713
baseline_b_vanilla_transformer,IUEN,0.0988,0.1053,0.1019
baseline_b_vanilla_transformer,keywords,0.8381,0.8468,0.8424
baseline_c_no_linking,select,0.8033,0.8017,0.8025
baseline_c_no_linking,select(no AGG),0.8227,0.8211,0.8219
baseline_c_no_linking,where,0.5748,0.5628,0.5687
baseline_c_no_linking,where(no OP),0.6432,0.6297,0.6364
baseline_c_no_linking,group(no Having),0.7963,0.7934,0.7948
baseline_c_no_linking,group,0.7593,0.7565,0.7579
baseline_c_no_linking,order,0.7447,0.7576,0.7511
baseline_c_no_linking,and/or,0.9673,0.9741,0.9707
baseline_c_no_linking,IUEN,0.2667,0.2632,0.2649
baseline_c_no_linking,keywords,0.8353,0.8353,0.8353
ablation_c_no_ngram_linking,select,0.8046,0.8046,0.8046
ablation_c_no_ngram_linking,select(no AGG),0.8279,0.8279,0.8279
ablation_c_no_ngram_linking,where,0.7349,0.7364,0.7356
ablation_c_no_ngram_linking,where(no OP),0.7808,0.7824,0.7816
ablation_c_no_ngram_linking,group(no Having),0.7722,0.738,0.7547
ablation_c_no_ngram_linking,group,0.722,0.69,0.7057
ablation_c_no_ngram_linking,order,0.7277,0.7403,0.7339
ablation_c_no_ngram_linking,and/or,0.9685,0.9743,0.9714
ablation_c_no_ngram_linking,IUEN,0.3836,0.3684,0.3758
ablation_c_no_ngram_linking,keywords,0.8435,0.8445,0.844
ablation_d_no_value_linking,select,0.8491,0.8491,0.8491
ablation_d_no_value_linking,select(no AGG),0.8791,0.8791,0.8791
ablation_d_no_value_linking,where,0.6639,0.6653,0.6646
ablation_d_no_value_linking,where(no OP),0.7035,0.705,0.7043
ablation_d_no_value_linking,group(no Having),0.7895,0.8303,0.8094
ablation_d_no_value_linking,group,0.7474,0.786,0.7662
ablation_d_no_value_linking,order,0.7749,0.7749,0.7749
ablation_d_no_value_linking,and/or,0.9667,0.9831,0.9748
ablation_d_no_value_linking,IUEN,0.3614,0.3947,0.3774
ablation_d_no_value_linking,keywords,0.8622,0.8652,0.8637
ablation_e_no_rat,select,0.7263,0.7263,0.7263
ablation_e_no_rat,select(no AGG),0.7418,0.7418,0.7418
ablation_e_no_rat,where,0.5222,0.5167,0.5195
ablation_e_no_rat,where(no OP),0.5899,0.5837,0.5868
ablation_e_no_rat,group(no Having),0.683,0.6679,0.6754
ablation_e_no_rat,group,0.5358,0.524,0.5299
ablation_e_no_rat,order,0.7344,0.7662,0.75
ablation_e_no_rat,and/or,0.959,0.9879,0.9732
ablation_e_no_rat,IUEN,0.1807,0.1974,0.1887
ablation_e_no_rat,keywords,0.8576,0.8606,0.8591
ablation_g_no_foreign_keys,select,0.8569,0.8569,0.8569
ablation_g_no_foreign_keys,select(no AGG),0.8781,0.8781,0.8781
ablation_g_no_foreign_keys,where,0.765,0.749,0.7569
ablation_g_no_foreign_keys,where(no OP),0.8226,0.8054,0.814
ablation_g_no_foreign_keys,group(no Having),0.7941,0.797,0.7956
ablation_g_no_foreign_keys,group,0.7426,0.7454,0.744
ablation_g_no_foreign_keys,order,0.7884,0.8225,0.8051
ablation_g_no_foreign_keys,and/or,0.9735,0.9773,0.9754
ablation_g_no_foreign_keys,IUEN,0.3293,0.3553,0.3418
ablation_g_no_foreign_keys,keywords,0.8632,0.8652,0.8642
ablation_h_no_grammar,select,0.9321,0.2524,0.3973
ablation_h_no_grammar,select(no AGG),0.9393,0.2544,0.4003
ablation_h_no_grammar,where,0.8503,0.2615,0.4
ablation_h_no_grammar,where(no OP),0.9048,0.2782,0.4256
ablation_h_no_grammar,group(no Having),0.9429,0.1218,0.2157
ablation_h_no_grammar,group,0.9429,0.1218,0.2157
ablation_h_no_grammar,order,0.9091,0.1299,0.2273
ablation_h_no_grammar,and/or,0.9293,0.9979,0.9624
ablation_h_no_grammar,IUEN,0.6364,0.0921,0.1609
ablation_h_no_grammar,keywords,0.9154,0.212,0.3442
ablation_i_lstm_encoder,select,0.7783,0.7776,0.7779
ablation_i_lstm_encoder,select(no AGG),0.7977,0.7969,0.7973
ablation_i_lstm_encoder,where,0.7031,0.6736,0.688
ablation_i_lstm_encoder,where(no OP),0.7598,0.728,0.7436
ablation_i_lstm_encoder,group(no Having),0.7748,0.7491,0.7617
ablation_i_lstm_encoder,group,0.7252,0.7011,0.7129
ablation_i_lstm_encoder,order,0.6864,0.7013,0.6938
ablation_i_lstm_encoder,and/or,0.9647,0.984,0.9743
ablation_i_lstm_encoder,IUEN,0.2208,0.2237,0.2222
ablation_i_lstm_encoder,keywords,0.8314,0.818,0.8246
ablation_k_coarse_relations,select,0.8221,0.8221,0.8221
ablation_k_coarse_relations,select(no AGG),0.8462,0.8462,0.8462
ablation_k_coarse_relations,where,0.7107,0.7092,0.7099
ablation_k_coarse_relations,where(no OP),0.7799,0.7782,0.7791
ablation_k_coarse_relations,group(no Having),0.7761,0.7675,0.7718
ablation_k_coarse_relations,group,0.7239,0.7159,0.7199
ablation_k_coarse_relations,order,0.7792,0.8095,0.7941
ablation_k_coarse_relations,and/or,0.9686,0.9801,0.9743
ablation_k_coarse_relations,IUEN,0.3387,0.2763,0.3043
ablation_k_coarse_relations,keywords,0.8653,0.8583,0.8618
scaling_01pct,select,0.293,0.293,0.293
scaling_01pct,select(no AGG),0.352,0.352,0.352
scaling_01pct,where,0.1227,0.0983,0.1092
scaling_01pct,where(no OP),0.342,0.2741,0.3043
scaling_01pct,group(no Having),0.2727,0.2989,0.2852
scaling_01pct,group,0.1751,0.1919,0.1831
scaling_01pct,order,0.1019,0.1905,0.1327
scaling_01pct,and/or,0.928,0.9587,0.9431
scaling_01pct,IUEN,0.0,0.0,0.0
scaling_01pct,keywords,0.2588,0.2719,0.2652
scaling_05pct,select,0.6412,0.6412,0.6412
scaling_05pct,select(no AGG),0.6896,0.6896,0.6896
scaling_05pct,where,0.4812,0.4812,0.4812
scaling_05pct,where(no OP),0.6046,0.6046,0.6046
scaling_05pct,group(no Having),0.5455,0.5535,0.5495
scaling_05pct,group,0.44,0.4465,0.4432
scaling_05pct,order,0.2857,0.3463,0.3131
scaling_05pct,and/or,0.9426,0.9455,0.944
scaling_05pct,IUEN,0.0727,0.0526,0.0611
scaling_05pct,keywords,0.5251,0.53,0.5275
scaling_10pct,select,0.7144,0.7137,0.7141
scaling_10pct,select(no AGG),0.7628,0.7621,0.7625
scaling_10pct,where,0.5042,0.5063,0.5052
scaling_10pct,where(no OP),0.625,0.6276,0.6263
scaling_10pct,group(no Having),0.6667,0.679,0.6728
scaling_10pct,group,0.6014,0.6125,0.6069
scaling_10pct,order,0.5185,0.5455,0.5316
scaling_10pct,and/or,0.9561,0.9628,0.9594
scaling_10pct,IUEN,0.1296,0.0921,0.1077
scaling_10pct,keywords,0.6621,0.6705,0.6663
scaling_25pct,select,0.795,0.795,0.795
scaling_25pct,select(no AGG),0.825,0.825,0.825
scaling_25pct,where,0.6275,0.6485,0.6379
scaling_25pct,where(no OP),0.7186,0.7427,0.7305
scaling_25pct,group(no Having),0.748,0.7011,0.7238
scaling_25pct,group,0.6614,0.6199,0.64
scaling_25pct,order,0.6128,0.6234,0.618
scaling_25pct,and/or,0.9676,0.9801,0.9739
scaling_25pct,IUEN,0.3333,0.2237,0.2677
scaling_25pct,keywords,0.7811,0.773,0.7771
scaling_50pct,select,0.8337,0.8337,0.8337
scaling_50pct,select(no AGG),0.8598,0.8598,0.8598
scaling_50pct,where,0.7069,0.7113,0.7091
scaling_50pct,where(no OP),0.7963,0.8013,0.7987
scaling_50pct,group(no Having),0.7778,0.7749,0.7763
scaling_50pct,group,0.7259,0.7232,0.7246
scaling_50pct,order,0.6946,0.7186,0.7064
scaling_50pct,and/or,0.9764,0.9822,0.9793
scaling_50pct,IUEN,0.3117,0.3158,0.3137
scaling_50pct,keywords,0.8194,0.826,0.8227
final,select,0.883,0.883,0.883
final,select(no AGG),0.9014,0.9014,0.9014
final,where,0.7854,0.7887,0.7871
final,where(no OP),0.8271,0.8305,0.8288
final,group(no Having),0.8272,0.8303,0.8287
final,group,0.7868,0.7897,0.7882
final,order,0.8,0.8485,0.8235
final,and/or,0.9746,0.9881,0.9813
final,IUEN,0.4375,0.4605,0.4487
final,keywords,0.89,0.8952,0.8926
