model,feature,bucket,n,exact_match,execution_accuracy
full,Tables,1,575,0.7147826086956521,0.7304347826086957
full,Tables,2,393,0.5419847328244275,0.5776081424936387
full,Tables,3,60,0.18333333333333332,0.2
full,Tables,4+,6,0.0,0.0
full,Joins,0,626,0.7060702875399361,0.7268370607028753
full,Joins,1,320,0.540625,0.5625
full,Joins,2,72,0.25,0.3055555555555556
full,Joins,3+,16,0.125,0.125
full,Conditions (WHERE+HAVING),0,476,0.657563025210084,0.6848739495798319
full,Conditions (WHERE+HAVING),1,411,0.6520681265206812,0.6715328467153284
full,Conditions (WHERE+HAVING),2,130,0.4153846153846154,0.43846153846153846
full,Conditions (WHERE+HAVING),3+,17,0.0,0.0
full,Aggregation,no,483,0.6314699792960663,0.6418219461697723
full,Aggregation,yes,551,0.5989110707803993,0.6333938294010889
full,GROUP BY,no,757,0.6393659180977543,0.6512549537648613
full,GROUP BY,yes,277,0.5451263537906137,0.5992779783393501
full,ORDER BY,no,797,0.6260978670012547,0.6461731493099122
full,ORDER BY,yes,237,0.5738396624472574,0.6075949367088608
full,Nested sub-query,no,951,0.6319663512092534,0.655099894847529
full,Nested sub-query,yes,83,0.40963855421686746,0.43373493975903615
full,Set operation,no,954,0.6362683438155137,0.6540880503144654
full,Set operation,yes,80,0.35,0.4375
vanilla,Tables,1,575,0.46956521739130436,0.47304347826086957
vanilla,Tables,2,393,0.1628498727735369,0.13486005089058525
vanilla,Tables,3,60,0.13333333333333333,0.0
vanilla,Tables,4+,6,0.0,0.0
vanilla,Joins,0,626,0.45527156549520764,0.45686900958466453
vanilla,Joins,1,320,0.146875,0.1125
vanilla,Joins,2,72,0.125,0.041666666666666664
vanilla,Joins,3+,16,0.0625,0.0
vanilla,Conditions (WHERE+HAVING),0,476,0.4264705882352941,0.4054621848739496
vanilla,Conditions (WHERE+HAVING),1,411,0.2822384428223844,0.25790754257907544
vanilla,Conditions (WHERE+HAVING),2,130,0.17692307692307693,0.2
vanilla,Conditions (WHERE+HAVING),3+,17,0.0,0.0
vanilla,Aggregation,no,483,0.32091097308488614,0.2753623188405797
vanilla,Aggregation,yes,551,0.3393829401088929,0.3484573502722323
vanilla,GROUP BY,no,757,0.33553500660501984,0.3157199471598415
vanilla,GROUP BY,yes,277,0.3176895306859206,0.3104693140794224
vanilla,ORDER BY,no,797,0.3324968632371393,0.3174404015056462
vanilla,ORDER BY,yes,237,0.32489451476793246,0.3037974683544304
vanilla,Nested sub-query,no,951,0.33753943217665616,0.3228180862250263
vanilla,Nested sub-query,yes,83,0.25301204819277107,0.21686746987951808
vanilla,Set operation,no,954,0.35115303983228513,0.33438155136268344
vanilla,Set operation,yes,80,0.0875,0.075
no_linking,Tables,1,575,0.6034782608695652,0.6417391304347826
no_linking,Tables,2,393,0.3816793893129771,0.44529262086513993
no_linking,Tables,3,60,0.11666666666666667,0.06666666666666667
no_linking,Tables,4+,6,0.0,0.0
no_linking,Joins,0,626,0.5958466453674122,0.6357827476038339
no_linking,Joins,1,320,0.371875,0.428125
no_linking,Joins,2,72,0.16666666666666666,0.18055555555555555
no_linking,Joins,3+,16,0.0,0.0
no_linking,Conditions (WHERE+HAVING),0,476,0.5588235294117647,0.6050420168067226
no_linking,Conditions (WHERE+HAVING),1,411,0.49148418491484186,0.5255474452554745
no_linking,Conditions (WHERE+HAVING),2,130,0.27692307692307694,0.3384615384615385
no_linking,Conditions (WHERE+HAVING),3+,17,0.0,0.0
no_linking,Aggregation,no,483,0.5072463768115942,0.5175983436853002
no_linking,Aggregation,yes,551,0.47005444646098005,0.5408348457350273
no_linking,GROUP BY,no,757,0.4940554821664465,0.5270805812417437
no_linking,GROUP BY,yes,277,0.4693140794223827,0.5379061371841155
no_linking,ORDER BY,no,797,0.49560853199498117,0.5319949811794228
no_linking,ORDER BY,yes,237,0.459915611814346,0.5232067510548524
no_linking,Nested sub-query,no,951,0.501577287066246,0.5436382754994742
no_linking,Nested sub-query,yes,83,0.3253012048192771,0.37349397590361444
no_linking,Set operation,no,954,0.510482180293501,0.550314465408805
no_linking,Set operation,yes,80,0.2125,0.2875
simple,Tables,1,575,0.15304347826086956,0.16521739130434782
simple,Tables,2,393,0.027989821882951654,0.01272264631043257
simple,Tables,3,60,0.0,0.05
simple,Tables,4+,6,0.0,0.0
simple,Joins,0,626,0.14376996805111822,0.15175718849840256
simple,Joins,1,320,0.028125,0.0125
simple,Joins,2,72,0.0,0.041666666666666664
simple,Joins,3+,16,0.0,0.0625
simple,Conditions (WHERE+HAVING),0,476,0.14705882352941177,0.14285714285714285
simple,Conditions (WHERE+HAVING),1,411,0.06326034063260341,0.0681265206812652
simple,Conditions (WHERE+HAVING),2,130,0.023076923076923078,0.046153846153846156
simple,Conditions (WHERE+HAVING),3+,17,0.0,0.058823529411764705
simple,Aggregation,no,483,0.07246376811594203,0.07039337474120083
simple,Aggregation,yes,551,0.1161524500907441,0.12522686025408347
simple,GROUP BY,no,757,0.10171730515191546,0.10700132100396301
simple,GROUP BY,yes,277,0.07942238267148015,0.07942238267148015
simple,ORDER BY,no,797,0.10037641154328733,0.1053952321204517
simple,ORDER BY,yes,237,0.08016877637130802,0.08016877637130802
simple,Nested sub-query,no,951,0.10199789695057834,0.10830704521556257
simple,Nested sub-query,yes,83,0.024096385542168676,0.0
simple,Set operation,no,954,0.10377358490566038,0.10587002096436059
simple,Set operation,yes,80,0.0,0.025
no_grammar,Tables,1,575,0.288695652173913,0.28695652173913044
no_grammar,Tables,2,393,0.1272264631043257,0.15012722646310434
no_grammar,Tables,3,60,0.0,0.0
no_grammar,Tables,4+,6,0.0,0.0
no_grammar,Joins,0,626,0.2747603833865815,0.2763578274760383
no_grammar,Joins,1,320,0.125,0.14375
no_grammar,Joins,2,72,0.05555555555555555,0.06944444444444445
no_grammar,Joins,3+,16,0.0,0.0
no_grammar,Conditions (WHERE+HAVING),0,476,0.23319327731092437,0.226890756302521
no_grammar,Conditions (WHERE+HAVING),1,411,0.23357664233576642,0.25547445255474455
no_grammar,Conditions (WHERE+HAVING),2,130,0.06923076923076923,0.08461538461538462
no_grammar,Conditions (WHERE+HAVING),3+,17,0.0,0.0
no_grammar,Aggregation,no,483,0.2463768115942029,0.2401656314699793
no_grammar,Aggregation,yes,551,0.17604355716878403,0.19600725952813067
no_grammar,GROUP BY,no,757,0.24570673712021135,0.2562747688243065
no_grammar,GROUP BY,yes,277,0.10830324909747292,0.10830324909747292
no_grammar,ORDER BY,no,797,0.2383939774153074,0.24843161856963614
no_grammar,ORDER BY,yes,237,0.10970464135021098,0.10970464135021098
no_grammar,Nested sub-query,no,951,0.22187171398527866,0.22712933753943218
no_grammar,Nested sub-query,yes,83,0.060240963855421686,0.0963855421686747
no_grammar,Set operation,no,954,0.2190775681341719,0.22746331236897274
no_grammar,Set operation,yes,80,0.0875,0.0875
