model,category,primary_count,primary_share_of_failures,any_label_count,failures,examples
full,grammar_error,0,0.0,0,432,1034
full,nested_query_error,56,0.12962962962962962,56,432,1034
full,schema_linking_error,107,0.24768518518518517,128,432,1034
full,wrong_table,52,0.12037037037037036,133,432,1034
full,wrong_join,43,0.09953703703703703,90,432,1034
full,wrong_column,85,0.19675925925925927,268,432,1034
full,aggregation_error,22,0.05092592592592592,23,432,1034
full,where_error,21,0.04861111111111111,158,432,1034
full,group_by_error,11,0.02546296296296296,85,432,1034
full,order_by_error,15,0.034722222222222224,68,432,1034
full,wrong_value,19,0.04398148148148148,33,432,1034
full,semantic_reasoning_error,1,0.0023148148148148147,1,432,1034
vanilla,grammar_error,0,0.0,0,742,1034
vanilla,nested_query_error,78,0.10512129380053908,78,742,1034
vanilla,schema_linking_error,366,0.49326145552560646,412,742,1034
vanilla,wrong_table,129,0.1738544474393531,443,742,1034
vanilla,wrong_join,69,0.09299191374663072,121,742,1034
vanilla,wrong_column,63,0.08490566037735849,466,742,1034
vanilla,aggregation_error,6,0.008086253369272238,10,742,1034
vanilla,where_error,12,0.016172506738544475,269,742,1034
vanilla,group_by_error,3,0.004043126684636119,127,742,1034
vanilla,order_by_error,9,0.012129380053908356,84,742,1034
vanilla,wrong_value,7,0.009433962264150943,50,742,1034
vanilla,semantic_reasoning_error,0,0.0,0,742,1034
no_linking,grammar_error,2,0.0035398230088495575,2,565,1034
no_linking,nested_query_error,86,0.15221238938053097,86,565,1034
no_linking,schema_linking_error,229,0.40530973451327434,274,565,1034
no_linking,wrong_table,68,0.12035398230088495,229,565,1034
no_linking,wrong_join,28,0.049557522123893805,91,565,1034
no_linking,wrong_column,91,0.16106194690265488,390,565,1034
no_linking,aggregation_error,9,0.01592920353982301,11,565,1034
no_linking,where_error,22,0.03893805309734513,247,565,1034
no_linking,group_by_error,3,0.005309734513274336,81,565,1034
no_linking,order_by_error,10,0.017699115044247787,77,565,1034
no_linking,wrong_value,17,0.03008849557522124,35,565,1034
no_linking,semantic_reasoning_error,0,0.0,0,565,1034
simple,grammar_error,0,0.0,0,949,1034
simple,nested_query_error,94,0.09905163329820864,94,949,1034
simple,schema_linking_error,680,0.7165437302423604,754,949,1034
simple,wrong_table,108,0.11380400421496312,715,949,1034
simple,wrong_join,30,0.03161222339304531,81,949,1034
simple,wrong_column,32,0.03371970495258166,784,949,1034
simple,aggregation_error,1,0.001053740779768177,4,949,1034
simple,where_error,2,0.002107481559536354,427,949,1034
simple,group_by_error,2,0.002107481559536354,171,949,1034
simple,order_by_error,0,0.0,132,949,1034
simple,wrong_value,0,0.0,14,949,1034
simple,semantic_reasoning_error,0,0.0,0,949,1034
no_grammar,grammar_error,754,0.9095295536791315,754,829,1034
no_grammar,nested_query_error,9,0.010856453558504222,9,829,1034
no_grammar,schema_linking_error,22,0.026537997587454766,24,829,1034
no_grammar,wrong_table,12,0.014475271411338963,32,829,1034
no_grammar,wrong_join,4,0.0048250904704463205,10,829,1034
no_grammar,wrong_column,8,0.009650180940892641,33,829,1034
no_grammar,aggregation_error,1,0.0012062726176115801,2,829,1034
no_grammar,where_error,7,0.008443908323281062,27,829,1034
no_grammar,group_by_error,0,0.0,4,829,1034
no_grammar,order_by_error,1,0.0012062726176115801,5,829,1034
no_grammar,wrong_value,11,0.013268998793727383,11,829,1034
no_grammar,semantic_reasoning_error,0,0.0,0,829,1034
