experiment,hardness,n,exact_match,execution_accuracy
full,easy,248,0.8266,0.8266
full,medium,446,0.6256,0.6592
full,hard,174,0.4885,0.5172
full,extra,166,0.3976,0.4217
baseline_a_simple,easy,248,0.2137,0.2419
baseline_a_simple,medium,446,0.0807,0.0695
baseline_a_simple,hard,174,0.0517,0.0517
baseline_a_simple,extra,166,0.006,0.0181
baseline_b_vanilla_transformer,easy,248,0.5242,0.5242
baseline_b_vanilla_transformer,medium,446,0.3161,0.3027
baseline_b_vanilla_transformer,hard,174,0.2989,0.2529
baseline_b_vanilla_transformer,extra,166,0.1145,0.0964
baseline_c_no_linking,easy,248,0.6855,0.7339
baseline_c_no_linking,medium,446,0.4955,0.5381
baseline_c_no_linking,hard,174,0.3966,0.431
baseline_c_no_linking,extra,166,0.2651,0.3072
ablation_c_no_ngram_linking,easy,248,0.7742,0.7661
ablation_c_no_ngram_linking,medium,446,0.5269,0.5426
ablation_c_no_ngram_linking,hard,174,0.4828,0.523
ablation_c_no_ngram_linking,extra,166,0.3012,0.3193
ablation_d_no_value_linking,easy,248,0.7621,0.7944
ablation_d_no_value_linking,medium,446,0.6031,0.6278
ablation_d_no_value_linking,hard,174,0.4483,0.4943
ablation_d_no_value_linking,extra,166,0.4036,0.3795
ablation_e_no_rat,easy,248,0.5202,0.5565
ablation_e_no_rat,medium,446,0.2982,0.3049
ablation_e_no_rat,hard,174,0.2356,0.2356
ablation_e_no_rat,extra,166,0.1566,0.1084
ablation_g_no_foreign_keys,easy,248,0.8347,0.8266
ablation_g_no_foreign_keys,medium,446,0.6143,0.6233
ablation_g_no_foreign_keys,hard,174,0.4885,0.454
ablation_g_no_foreign_keys,extra,166,0.3373,0.3494
ablation_h_no_grammar,easy,248,0.4234,0.4032
ablation_h_no_grammar,medium,446,0.1883,0.2085
ablation_h_no_grammar,hard,174,0.1092,0.1264
ablation_h_no_grammar,extra,166,0.0482,0.0542
ablation_i_lstm_encoder,easy,248,0.7581,0.7742
ablation_i_lstm_encoder,medium,446,0.4641,0.5
ablation_i_lstm_encoder,hard,174,0.3908,0.4368
ablation_i_lstm_encoder,extra,166,0.3193,0.3313
ablation_k_coarse_relations,easy,248,0.8105,0.8105
ablation_k_coarse_relations,medium,446,0.5583,0.5964
ablation_k_coarse_relations,hard,174,0.4368,0.4483
ablation_k_coarse_relations,extra,166,0.3373,0.3253
scaling_01pct,easy,248,0.1169,0.1734
scaling_01pct,medium,446,0.0179,0.0448
scaling_01pct,hard,174,0.0345,0.0402
scaling_01pct,extra,166,0.0,0.0241
scaling_05pct,easy,248,0.504,0.5444
scaling_05pct,medium,446,0.1883,0.2422
scaling_05pct,hard,174,0.1897,0.2184
scaling_05pct,extra,166,0.0783,0.1205
scaling_10pct,easy,248,0.5847,0.6169
scaling_10pct,medium,446,0.3184,0.3879
scaling_10pct,hard,174,0.2701,0.3046
scaling_10pct,extra,166,0.1386,0.1867
scaling_25pct,easy,248,0.7621,0.746
scaling_25pct,medium,446,0.4507,0.4776
scaling_25pct,hard,174,0.3333,0.3621
scaling_25pct,extra,166,0.2349,0.1867
scaling_50pct,easy,248,0.7621,0.7823
scaling_50pct,medium,446,0.565,0.6278
scaling_50pct,hard,174,0.3908,0.4138
scaling_50pct,extra,166,0.3012,0.3554
final,easy,248,0.8387,0.8226
final,medium,446,0.6771,0.7197
final,hard,174,0.5287,0.569
final,extra,166,0.4157,0.4096
