db_id,tables,columns,primary_keys,foreign_keys,schema_nodes,schema_edges,edges_cc_fk_backward,edges_cc_fk_forward,edges_cc_same_table,edges_ct_any_table,edges_ct_belongs_to,edges_ct_foreign_key,edges_ct_primary_key,edges_tc_any_table,edges_tc_belongs_to,edges_tc_foreign_key,edges_tc_primary_key,edges_tt_fk_backward,edges_tt_fk_forward
academic,15,42,14,18,58,332,18.0,18.0,112,15,28,18.0,14.0,15,28,18.0,14.0,17.0,17.0
activity_1,5,22,3,4,28,196,4.0,4.0,118,5,19,4.0,3.0,5,19,4.0,3.0,4.0,4.0
aircraft,5,28,5,4,34,246,4.0,4.0,156,5,23,4.0,5.0,5,23,4.0,5.0,4.0,4.0
allergy_1,3,12,2,2,16,102,2.0,2.0,60,3,10,2.0,2.0,3,10,2.0,2.0,2.0,2.0
apartment_rentals,6,31,6,6,38,258,6.0,6.0,148,6,25,6.0,6.0,6,25,6.0,6.0,6.0,6.0
architecture,3,17,3,2,21,136,2.0,2.0,84,3,14,2.0,3.0,3,14,2.0,3.0,2.0,2.0
assets_maintenance,14,64,10,18,79,552,18.0,18.0,288,14,54,18.0,10.0,14,54,18.0,10.0,18.0,18.0
baseball_1,26,352,0,19,379,8144,19.0,19.0,7274,26,352,19.0,0.0,26,352,19.0,0.0,19.0,19.0
battle_death,3,18,3,2,22,146,2.0,2.0,92,3,15,2.0,3.0,3,15,2.0,3.0,2.0,2.0
behavior_monitoring,11,64,8,13,76,632,13.0,13.0,404,11,56,13.0,8.0,11,56,13.0,8.0,13.0,13.0
bike_1,4,46,2,1,51,822,1.0,1.0,716,4,44,1.0,2.0,4,44,1.0,2.0,1.0,1.0
body_builder,2,11,2,1,14,82,1.0,1.0,50,2,9,1.0,2.0,2,9,1.0,2.0,1.0,1.0
book_2,2,9,2,1,12,60,1.0,1.0,32,2,7,1.0,2.0,2,7,1.0,2.0,1.0,1.0
browser_web,3,11,3,2,15,72,2.0,2.0,32,3,8,2.0,3.0,3,8,2.0,3.0,2.0,2.0
candidate_poll,2,14,2,1,17,124,1.0,1.0,86,2,12,1.0,2.0,2,12,1.0,2.0,1.0,1.0
car_1,6,23,6,5,30,176,5.0,5.0,88,6,17,5.0,6.0,6,17,5.0,6.0,5.0,5.0
chinook_1,11,64,11,11,76,756,11.0,11.0,544,11,53,10.0,11.0,11,53,10.0,11.0,10.0,10.0
cinema,3,17,3,2,21,134,2.0,2.0,82,3,14,2.0,3.0,3,14,2.0,3.0,2.0,2.0
city_record,4,27,4,3,32,278,3.0,3.0,198,4,23,3.0,4.0,4,23,3.0,4.0,3.0,3.0
climbing,2,12,2,1,15,94,1.0,1.0,60,2,10,1.0,2.0,2,10,1.0,2.0,1.0,1.0
club_1,3,15,2,2,19,122,2.0,2.0,74,3,13,2.0,2.0,3,13,2.0,2.0,2.0,2.0
coffee_shop,4,19,4,2,24,138,2.0,2.0,80,4,15,2.0,4.0,4,15,2.0,4.0,2.0,2.0
college_1,7,43,5,9,51,426,9.0,9.0,272,7,38,9.0,5.0,7,38,9.0,5.0,9.0,9.0
college_2,11,46,11,20,58,392,20.0,20.0,174,11,35,20.0,11.0,11,35,20.0,11.0,12.0,12.0
college_3,8,39,5,9,48,348,9.0,9.0,200,8,34,9.0,5.0,8,34,9.0,5.0,9.0,9.0
company_1,6,28,6,0,35,210,0.0,0.0,142,6,22,0.0,6.0,6,22,0.0,6.0,0.0,0.0
company_employee,3,16,3,2,20,132,2.0,2.0,82,3,13,2.0,3.0,3,13,2.0,3.0,2.0,2.0
company_office,3,17,3,2,21,144,2.0,2.0,92,3,14,2.0,3.0,3,14,2.0,3.0,2.0,2.0
concert_singer,4,21,4,3,26,174,3.0,3.0,106,4,17,3.0,4.0,4,17,3.0,4.0,3.0,3.0
county_public_safety,2,18,2,1,21,190,1.0,1.0,144,2,16,1.0,2.0,2,16,1.0,2.0,1.0,1.0
course_teach,3,10,3,2,14,62,2.0,2.0,24,3,7,2.0,3.0,3,7,2.0,3.0,2.0,2.0
cre_Doc_Control_Systems,11,35,11,13,47,262,13.0,13.0,98,11,24,13.0,11.0,11,24,13.0,11.0,10.0,10.0
cre_Doc_Template_Mgt,4,17,4,3,22,124,3.0,3.0,64,4,13,3.0,4.0,4,13,3.0,4.0,3.0,3.0
cre_Doc_Tracking_DB,8,33,8,12,42,270,12.0,12.0,122,8,25,12.0,8.0,8,25,12.0,8.0,9.0,9.0
cre_Docs_and_Epenses,7,22,7,6,30,160,6.0,6.0,66,7,15,6.0,7.0,7,15,6.0,7.0,6.0,6.0
cre_Drama_Workshop_Groups,18,99,18,25,118,902,25.0,25.0,522,18,81,24.0,18.0,18,81,24.0,18.0,24.0,24.0
cre_Theme_park,16,52,16,14,69,390,14.0,14.0,170,16,36,14.0,16.0,16,36,14.0,16.0,14.0,14.0
csu_1,6,23,5,5,30,158,5.0,5.0,70,6,18,5.0,5.0,6,18,5.0,5.0,5.0,5.0
culture_company,3,19,3,2,23,158,2.0,2.0,102,3,16,2.0,3.0,3,16,2.0,3.0,2.0,2.0
customer_complaints,4,31,3,3,36,302,3.0,3.0,214,4,28,3.0,3.0,4,28,3.0,3.0,3.0,3.0
customer_deliveries,13,51,9,15,65,394,15.0,15.0,176,13,42,15.0,9.0,13,42,15.0,9.0,15.0,15.0
customers_and_addresses,7,32,4,6,40,244,6.0,6.0,130,7,28,6.0,4.0,7,28,6.0,4.0,6.0,6.0
customers_and_invoices,9,56,7,11,66,562,11.0,11.0,366,9,49,11.0,7.0,9,49,11.0,7.0,11.0,11.0
customers_and_products_contacts,7,35,5,5,43,264,5.0,5.0,150,7,30,5.0,5.0,7,30,5.0,5.0,5.0,5.0
customers_campaigns_ecommerce,8,42,5,7,51,346,7.0,7.0,204,8,37,7.0,5.0,8,37,7.0,5.0,7.0,7.0
customers_card_transactions,4,27,3,2,32,242,2.0,2.0,168,4,24,2.0,3.0,4,24,2.0,3.0,2.0,2.0
debate,3,13,3,3,17,92,3.0,3.0,44,3,10,3.0,3.0,3,10,3.0,3.0,2.0,2.0
decoration_competition,3,12,3,2,16,78,2.0,2.0,36,3,9,2.0,3.0,3,9,2.0,3.0,2.0,2.0
department_management,3,13,3,2,17,92,2.0,2.0,48,3,10,2.0,3.0,3,10,2.0,3.0,2.0,2.0
department_store,14,56,14,13,71,416,13.0,13.0,198,14,42,13.0,14.0,14,42,13.0,14.0,13.0,13.0
device,3,14,3,2,18,102,2.0,2.0,56,3,11,2.0,3.0,3,11,2.0,3.0,2.0,2.0
document_management,9,31,8,7,41,212,7.0,7.0,90,9,23,7.0,8.0,9,23,7.0,8.0,7.0,7.0
dog_kennels,8,49,8,7,58,548,6.0,6.0,398,8,41,6.0,8.0,8,41,6.0,8.0,6.0,6.0
dorm_1,5,19,1,4,25,150,4.0,4.0,78,5,18,4.0,1.0,5,18,4.0,1.0,4.0,4.0
driving_school,6,40,6,6,47,410,6.0,6.0,282,6,34,6.0,6.0,6,34,6.0,6.0,6.0,6.0
e_government,10,50,9,9,61,384,9.0,9.0,210,10,41,9.0,9.0,10,41,9.0,9.0,9.0,9.0
e_learning,6,32,5,5,39,282,5.0,5.0,176,6,27,5.0,5.0,6,27,5.0,5.0,5.0,5.0
election,3,19,3,2,23,166,2.0,2.0,110,3,16,2.0,3.0,3,16,2.0,3.0,2.0,2.0
election_representative,2,12,2,1,15,96,1.0,1.0,62,2,10,1.0,2.0,2,10,1.0,2.0,1.0,1.0
employee_hire_evaluation,4,17,4,3,22,120,3.0,3.0,60,4,13,3.0,4.0,4,13,3.0,4.0,3.0,3.0
entertainment_awards,3,12,3,2,16,84,2.0,2.0,42,3,9,2.0,3.0,3,9,2.0,3.0,2.0,2.0
entrepreneur,2,10,2,1,13,70,1.0,1.0,40,2,8,1.0,2.0,2,8,1.0,2.0,1.0,1.0
epinions_1,4,12,3,4,17,84,4.0,4.0,30,4,9,4.0,3.0,4,9,4.0,3.0,3.0,3.0
farm,4,24,4,3,29,220,3.0,3.0,146,4,20,3.0,4.0,4,20,3.0,4.0,3.0,3.0
film_rank,3,15,3,2,19,116,2.0,2.0,68,3,12,2.0,3.0,3,12,2.0,3.0,2.0,2.0
flight_1,4,16,4,3,21,128,3.0,3.0,70,4,12,3.0,4.0,4,12,3.0,4.0,3.0,3.0
flight_2,3,13,3,2,17,86,2.0,2.0,44,3,10,2.0,3.0,3,10,2.0,3.0,1.0,1.0
flight_4,3,24,3,3,28,240,3.0,3.0,170,3,21,3.0,3.0,3,21,3.0,3.0,2.0,2.0
flight_company,3,20,3,2,24,174,2.0,2.0,116,3,17,2.0,3.0,3,17,2.0,3.0,2.0,2.0
formula_1,13,94,13,17,108,1094,17.0,17.0,778,13,81,17.0,13.0,13,81,17.0,13.0,17.0,17.0
game_1,4,19,2,3,24,152,3.0,3.0,88,4,17,3.0,2.0,4,17,3.0,2.0,3.0,3.0
game_injury,3,20,3,2,24,174,2.0,2.0,116,3,17,2.0,3.0,3,17,2.0,3.0,2.0,2.0
gas_company,3,18,3,2,22,162,2.0,2.0,108,3,15,2.0,3.0,3,15,2.0,3.0,2.0,2.0
geo,7,29,6,6,37,206,6.0,6.0,100,7,23,6.0,6.0,7,23,6.0,6.0,5.0,5.0
gymnast,2,13,2,1,16,112,1.0,1.0,76,2,11,1.0,2.0,2,11,1.0,2.0,1.0,1.0
hospital_1,15,68,15,25,84,580,25.0,25.0,268,15,53,25.0,15.0,15,53,25.0,15.0,23.0,23.0
hr_1,7,35,7,7,43,318,7.0,7.0,192,7,28,7.0,7.0,7,28,7.0,7.0,7.0,7.0
icfp_1,4,12,4,3,17,76,3.0,3.0,26,4,8,3.0,4.0,4,8,3.0,4.0,3.0,3.0
imdb,16,66,15,11,83,482,11.0,11.0,252,16,51,11.0,15.0,16,51,11.0,15.0,11.0,11.0
inn_1,2,16,2,1,19,156,1.0,1.0,114,2,14,1.0,2.0,2,14,1.0,2.0,1.0,1.0
insurance_and_eClaims,7,30,7,6,38,234,6.0,6.0,124,7,23,6.0,7.0,7,23,6.0,7.0,6.0,6.0
insurance_fnol,7,22,7,7,30,150,7.0,7.0,52,7,15,7.0,7.0,7,15,7.0,7.0,6.0,6.0
insurance_policies,5,25,5,4,31,198,4.0,4.0,114,5,20,4.0,5.0,5,20,4.0,5.0,4.0,4.0
journal_committee,3,10,3,2,14,62,2.0,2.0,24,3,7,2.0,3.0,3,7,2.0,3.0,2.0,2.0
loan_1,3,18,3,2,22,150,2.0,2.0,96,3,15,2.0,3.0,3,15,2.0,3.0,2.0,2.0
local_govt_and_lot,11,48,11,15,60,386,15.0,15.0,186,11,37,15.0,11.0,11,37,15.0,11.0,11.0,11.0
local_govt_in_alabama,4,10,4,3,15,62,3.0,3.0,16,4,6,3.0,4.0,4,6,3.0,4.0,3.0,3.0
local_govt_mdm,8,17,8,7,26,112,7.0,7.0,20,8,9,7.0,8.0,8,9,7.0,8.0,7.0,7.0
machine_repair,4,19,4,3,24,144,3.0,3.0,80,4,15,3.0,4.0,4,15,3.0,4.0,3.0,3.0
manufactory_1,2,9,2,1,12,60,1.0,1.0,32,2,7,1.0,2.0,2,7,1.0,2.0,1.0,1.0
manufacturer,3,12,3,2,16,80,2.0,2.0,38,3,9,2.0,3.0,3,9,2.0,3.0,2.0,2.0
match_season,4,21,4,3,26,180,3.0,3.0,112,4,17,3.0,4.0,4,17,3.0,4.0,3.0,3.0
medicine_enzyme_interaction,3,14,3,2,18,106,2.0,2.0,60,3,11,2.0,3.0,3,11,2.0,3.0,2.0,2.0
mountain_photos,3,16,3,2,20,120,2.0,2.0,70,3,13,2.0,3.0,3,13,2.0,3.0,2.0,2.0
movie_1,3,10,2,2,14,64,2.0,2.0,26,3,8,2.0,2.0,3,8,2.0,2.0,2.0,2.0
museum_visit,3,12,3,2,16,78,2.0,2.0,36,3,9,2.0,3.0,3,9,2.0,3.0,2.0,2.0
music_1,4,21,4,5,26,190,5.0,5.0,110,4,17,5.0,4.0,4,17,5.0,4.0,5.0,5.0
music_2,7,22,7,8,30,158,8.0,8.0,52,7,15,8.0,7.0,7,15,8.0,7.0,8.0,8.0
music_4,3,17,3,2,21,132,2.0,2.0,80,3,14,2.0,3.0,3,14,2.0,3.0,2.0,2.0
musical,2,13,2,1,16,102,1.0,1.0,70,2,11,0.0,2.0,2,11,0.0,2.0,0.0,0.0
network_1,3,7,3,4,11,50,4.0,4.0,10,3,4,4.0,3.0,3,4,4.0,3.0,2.0,2.0
network_2,2,8,1,2,11,56,2.0,2.0,26,2,7,2.0,1.0,2,7,2.0,1.0,1.0,1.0
news_report,3,13,3,2,17,90,2.0,2.0,46,3,10,2.0,3.0,3,10,2.0,3.0,2.0,2.0
orchestra,4,23,3,3,28,184,3.0,3.0,112,4,20,3.0,3.0,4,20,3.0,3.0,3.0,3.0
party_host,3,13,3,2,17,92,2.0,2.0,48,3,10,2.0,3.0,3,10,2.0,3.0,2.0,2.0
party_people,4,20,4,4,25,156,4.0,4.0,84,4,16,4.0,4.0,4,16,4.0,4.0,4.0,4.0
performance_attendance,3,12,3,2,16,80,2.0,2.0,38,3,9,2.0,3.0,3,9,2.0,3.0,2.0,2.0
perpetrator,2,13,2,1,16,112,1.0,1.0,76,2,11,1.0,2.0,2,11,1.0,2.0,1.0,1.0
pets_1,3,14,2,2,18,116,2.0,2.0,70,3,12,2.0,2.0,3,12,2.0,2.0,2.0,2.0
phone_1,3,21,3,2,25,186,2.0,2.0,126,3,18,2.0,3.0,3,18,2.0,3.0,2.0,2.0
phone_market,3,13,3,2,17,90,2.0,2.0,46,3,10,2.0,3.0,3,10,2.0,3.0,2.0,2.0
pilot_record,3,19,3,2,23,166,2.0,2.0,110,3,16,2.0,3.0,3,16,2.0,3.0,2.0,2.0
poker_player,2,11,2,1,14,82,1.0,1.0,50,2,9,1.0,2.0,2,9,1.0,2.0,1.0,1.0
product_catalog,5,29,4,4,35,318,4.0,4.0,226,5,25,4.0,4.0,5,25,4.0,4.0,4.0,4.0
products_for_hire,7,45,7,8,53,442,8.0,8.0,290,7,38,8.0,7.0,7,38,8.0,7.0,8.0,8.0
products_gen_characteristics,6,23,5,5,30,180,5.0,5.0,92,6,18,5.0,5.0,6,18,5.0,5.0,5.0,5.0
program_share,4,17,4,4,22,124,4.0,4.0,58,4,13,4.0,4.0,4,13,4.0,4.0,4.0,4.0
protein_institute,3,22,3,2,26,206,2.0,2.0,144,3,19,2.0,3.0,3,19,2.0,3.0,2.0,2.0
race_track,2,10,2,1,13,70,1.0,1.0,40,2,8,1.0,2.0,2,8,1.0,2.0,1.0,1.0
railway,4,22,4,3,27,178,3.0,3.0,108,4,18,3.0,4.0,4,18,3.0,4.0,3.0,3.0
real_estate_properties,5,37,4,4,43,780,4.0,4.0,672,5,33,4.0,4.0,5,33,4.0,4.0,4.0,4.0
restaurant_1,5,21,3,4,27,164,4.0,4.0,88,5,18,4.0,3.0,5,18,4.0,3.0,4.0,4.0
restaurants,3,12,3,2,16,80,2.0,2.0,38,3,9,2.0,3.0,3,9,2.0,3.0,2.0,2.0
riding_club,5,27,5,4,33,224,4.0,4.0,136,5,22,4.0,5.0,5,22,4.0,5.0,4.0,4.0
roller_coaster,2,14,2,1,17,130,1.0,1.0,92,2,12,1.0,2.0,2,12,1.0,2.0,1.0,1.0
sakila_1,16,89,16,21,106,896,21.0,21.0,562,16,73,21.0,16.0,16,73,21.0,16.0,20.0,20.0
scholar,10,25,10,8,36,176,8.0,8.0,60,10,15,8.0,10.0,10,15,8.0,10.0,7.0,7.0
school_bus,3,14,3,2,18,98,2.0,2.0,52,3,11,2.0,3.0,3,11,2.0,3.0,2.0,2.0
school_finance,3,19,3,2,23,166,2.0,2.0,110,3,16,2.0,3.0,3,16,2.0,3.0,2.0,2.0
school_player,4,26,4,3,31,240,3.0,3.0,162,4,22,3.0,4.0,4,22,3.0,4.0,3.0,3.0
scientist_1,3,7,3,2,11,42,2.0,2.0,10,3,4,2.0,3.0,3,4,2.0,3.0,2.0,2.0
ship_1,2,12,2,1,15,94,1.0,1.0,60,2,10,1.0,2.0,2,10,1.0,2.0,1.0,1.0
ship_mission,2,12,2,1,15,96,1.0,1.0,62,2,10,1.0,2.0,2,10,1.0,2.0,1.0,1.0
shop_membership,4,18,4,4,23,136,4.0,4.0,68,4,14,4.0,4.0,4,14,4.0,4.0,4.0,4.0
singer,2,10,2,1,13,70,1.0,1.0,40,2,8,1.0,2.0,2,8,1.0,2.0,1.0,1.0
small_bank_1,3,6,3,2,10,36,2.0,2.0,6,3,3,2.0,3.0,3,3,2.0,3.0,2.0,2.0
soccer_1,7,86,6,5,94,2606,5.0,5.0,2394,7,80,5.0,6.0,7,80,5.0,6.0,3.0,3.0
soccer_2,3,11,3,2,15,70,2.0,2.0,30,3,8,2.0,3.0,3,8,2.0,3.0,2.0,2.0
solvency_ii,12,32,12,10,45,212,9.0,9.0,70,12,20,9.0,12.0,12,20,9.0,12.0,9.0,9.0
sports_competition,5,26,5,5,32,212,5.0,5.0,122,5,21,5.0,5.0,5,21,5.0,5.0,4.0,4.0
station_weather,4,19,4,3,24,150,3.0,3.0,86,4,15,3.0,4.0,4,15,3.0,4.0,3.0,3.0
store_1,12,66,11,11,79,764,11.0,11.0,546,12,55,10.0,11.0,12,55,10.0,11.0,10.0,10.0
store_product,5,22,5,3,28,168,3.0,3.0,96,5,17,3.0,5.0,5,17,3.0,5.0,3.0,3.0
storm_record,3,12,3,2,16,84,2.0,2.0,42,3,9,2.0,3.0,3,9,2.0,3.0,2.0,2.0
student_1,2,7,2,0,10,36,0.0,0.0,18,2,5,0.0,2.0,2,5,0.0,2.0,0.0,0.0
student_assessment,9,38,9,9,48,304,9.0,9.0,158,9,29,9.0,9.0,9,29,9.0,9.0,8.0,8.0
student_transcripts_tracking,11,56,10,11,68,512,11.0,11.0,314,11,46,11.0,10.0,11,46,11.0,10.0,10.0,10.0
swimming,4,25,4,3,30,240,3.0,3.0,164,4,21,3.0,4.0,4,21,3.0,4.0,3.0,3.0
theme_gallery,3,13,3,2,17,90,2.0,2.0,46,3,10,2.0,3.0,3,10,2.0,3.0,2.0,2.0
tracking_grants_for_research,12,42,11,11,55,308,11.0,11.0,134,12,31,11.0,11.0,12,31,11.0,11.0,11.0,11.0
tracking_orders,7,27,6,7,35,200,7.0,7.0,90,7,21,7.0,6.0,7,21,7.0,6.0,7.0,7.0
tracking_share_transactions,7,20,5,7,28,154,7.0,7.0,58,7,15,7.0,5.0,7,15,7.0,5.0,7.0,7.0
tracking_software_problems,6,28,6,7,35,258,7.0,7.0,150,6,22,7.0,6.0,6,22,7.0,6.0,6.0,6.0
train_station,3,14,3,2,18,116,2.0,2.0,70,3,11,2.0,3.0,3,11,2.0,3.0,2.0,2.0
tvshow,3,25,3,2,29,254,2.0,2.0,186,3,22,2.0,3.0,3,22,2.0,3.0,2.0,2.0
twitter_1,3,11,3,3,15,78,3.0,3.0,34,3,8,3.0,3.0,3,8,3.0,3.0,2.0,2.0
university_basketball,2,20,2,1,23,238,1.0,1.0,188,2,18,1.0,2.0,2,18,1.0,2.0,1.0,1.0
voter_1,3,9,3,2,13,60,2.0,2.0,24,3,6,2.0,3.0,3,6,2.0,3.0,2.0,2.0
voter_2,2,17,1,7,20,196,7.0,7.0,128,2,16,7.0,1.0,2,16,7.0,1.0,1.0,1.0
wedding,3,14,3,3,18,102,3.0,3.0,52,3,11,3.0,3.0,3,11,3.0,3.0,2.0,2.0
wine_1,3,20,2,2,24,204,2.0,2.0,146,3,18,2.0,2.0,3,18,2.0,2.0,2.0,2.0
workshop_paper,3,11,3,2,15,70,2.0,2.0,30,3,8,2.0,3.0,3,8,2.0,3.0,2.0,2.0
world_1,4,26,3,2,31,316,2.0,2.0,244,4,23,2.0,3.0,4,23,2.0,3.0,2.0,2.0
wrestler,2,12,2,1,15,94,1.0,1.0,60,2,10,1.0,2.0,2,10,1.0,2.0,1.0,1.0
wta_1,3,43,1,3,47,1150,3.0,3.0,1042,3,42,3.0,1.0,3,42,3.0,1.0,2.0,2.0
yelp,7,38,7,7,46,356,7.0,7.0,224,7,31,7.0,7.0,7,31,7.0,7.0,7.0,7.0
