relation,count
cc_default,38778
qc_default,32157
cq_default,32157
cc_same_table,13100
qq_dist_-2,7129
qq_dist_2,7129
ct_default,6878
tc_default,6878
qt_default,6808
tq_default,6808
cc_identity,4003
ct_belongs_to,2875
tc_belongs_to,2875
qq_dist_0,2371
qq_dist_-1,2089
qq_dist_1,2089
ct_primary_key,846
ct_any_table,846
tc_primary_key,846
tc_any_table,846
tt_identity,846
qc_pm,571
cq_pm,571
cc_fk_forward,564
cc_fk_backward,564
ct_foreign_key,564
tc_foreign_key,564
tt_default,564
tt_fk_forward,564
tt_fk_backward,564
qc_em,454
cq_em,454
qt_em,305
tq_em,305
qc_num,258
cq_num,258
qc_vem,256
cq_vem,256
